{"cameraMode":{"drawMode":0,"name":"Shaded","section":"Shading Mode"},"sceneLighting":true,"audioPlay":false,"sceneViewState":{"showFog":true,"showMaterialUpdate":false,"showSkybox":true,"showFlares":true,"showImageEffects":true,"showParticleSystems":true},"in2DMode":false,"pivot":{"x":1.253000020980835,"y":1.5083056688308716,"z":0.7269999980926514},"rotation":{"x":0.2423657476902008,"y":-0.28585198521614077,"z":0.07497243583202362,"w":0.9240813255310059},"size":0.7874071598052979,"orthographic":true}