{"cameraMode":{"drawMode":0,"name":"Shaded","section":"Shading Mode"},"sceneLighting":true,"audioPlay":false,"sceneViewState":{"showFog":true,"showMaterialUpdate":false,"showSkybox":true,"showFlares":true,"showImageEffects":true,"showParticleSystems":true},"in2DMode":false,"pivot":{"x":2.809536933898926,"y":1.2810285091400147,"z":0.5385478734970093},"rotation":{"x":0.2621735632419586,"y":0.2882736027240753,"z":-0.08239416033029556,"w":0.9172670245170593},"size":0.2163826823234558,"orthographic":true}