{"cameraMode":{"drawMode":0,"name":"Shaded","section":"Shading Mode"},"sceneLighting":true,"audioPlay":false,"sceneViewState":{"showFog":true,"showMaterialUpdate":false,"showSkybox":true,"showFlares":true,"showImageEffects":true,"showParticleSystems":true},"in2DMode":false,"pivot":{"x":3.366312026977539,"y":-0.029392242431640626,"z":-0.12012147903442383},"rotation":{"x":0.08348317444324494,"y":0.39101874828338625,"z":-0.03564106673002243,"w":0.9158956408500671},"size":877.5769653320313,"orthographic":true}